group	artifact	version
androidx.activity	activity	1.10.1
androidx.activity	activity-compose	1.10.1
androidx.activity	activity-ktx	1.10.1
androidx.annotation	annotation-experimental	1.4.1
androidx.annotation	annotation-jvm	1.9.1
androidx.appcompat	appcompat-resources	1.6.1
androidx.arch.core	core-common	2.2.0
androidx.arch.core	core-runtime	2.2.0
androidx.autofill	autofill	1.0.0
androidx.collection	collection-jvm	1.5.0
androidx.collection	collection-ktx	1.5.0
androidx.compose.animation	animation-android	1.9.0
androidx.compose.animation	animation-core-android	1.9.0
androidx.compose.foundation	foundation-android	1.9.0
androidx.compose.foundation	foundation-layout-android	1.9.0
androidx.compose.material	material-icons-core-android	1.7.8
androidx.compose.material	material-icons-extended-android	1.7.8
androidx.compose.material	material-ripple-android	1.9.0
androidx.compose.material3	material3-android	1.3.2
androidx.compose.runtime	runtime-android	1.9.0
androidx.compose.runtime	runtime-annotation-android	1.9.0
androidx.compose.runtime	runtime-saveable-android	1.9.0
androidx.compose.ui	ui-android	1.9.0
androidx.compose.ui	ui-geometry-android	1.9.0
androidx.compose.ui	ui-graphics-android	1.9.0
androidx.compose.ui	ui-text-android	1.9.0
androidx.compose.ui	ui-unit-android	1.9.0
androidx.compose.ui	ui-util-android	1.9.0
androidx.concurrent	concurrent-futures	1.1.0
androidx.concurrent	concurrent-futures-ktx	1.1.0
androidx.core	core	1.15.0
androidx.core	core-ktx	1.15.0
androidx.core	core-viewtree	1.0.0
androidx.customview	customview-poolingcontainer	1.0.0
androidx.documentfile	documentfile	1.0.1
androidx.emoji2	emoji2	1.4.0
androidx.exifinterface	exifinterface	1.3.7
androidx.graphics	graphics-path	1.0.1
androidx.interpolator	interpolator	1.0.0
androidx.lifecycle	lifecycle-common-java8	2.9.2
androidx.lifecycle	lifecycle-common-jvm	2.9.2
androidx.lifecycle	lifecycle-livedata	2.9.2
androidx.lifecycle	lifecycle-livedata-core	2.9.2
androidx.lifecycle	lifecycle-livedata-core-ktx	2.9.2
androidx.lifecycle	lifecycle-process	2.9.2
androidx.lifecycle	lifecycle-runtime-android	2.9.2
androidx.lifecycle	lifecycle-runtime-compose-android	2.9.2
androidx.lifecycle	lifecycle-runtime-ktx-android	2.9.2
androidx.lifecycle	lifecycle-service	2.9.2
androidx.lifecycle	lifecycle-viewmodel-android	2.9.2
androidx.lifecycle	lifecycle-viewmodel-compose-android	2.9.2
androidx.lifecycle	lifecycle-viewmodel-ktx	2.9.2
androidx.lifecycle	lifecycle-viewmodel-savedstate-android	2.9.2
androidx.media	media	1.7.0
androidx.media3	media3-common	1.8.1
androidx.media3	media3-container	1.8.1
androidx.media3	media3-database	1.8.1
androidx.media3	media3-datasource	1.8.1
androidx.media3	media3-decoder	1.8.1
androidx.media3	media3-exoplayer	1.8.1
androidx.media3	media3-extractor	1.8.1
androidx.media3	media3-session	1.8.1
androidx.profileinstaller	profileinstaller	1.4.0
androidx.room	room-common	2.6.1
androidx.room	room-ktx	2.6.1
androidx.room	room-runtime	2.6.1
androidx.savedstate	savedstate-android	1.3.1
androidx.savedstate	savedstate-compose-android	1.3.1
androidx.savedstate	savedstate-ktx	1.3.1
androidx.sqlite	sqlite	2.4.0
androidx.sqlite	sqlite-framework	2.4.0
androidx.startup	startup-runtime	1.1.1
androidx.tracing	tracing	1.2.0
androidx.tracing	tracing-ktx	1.2.0
androidx.vectordrawable	vectordrawable	1.1.0
androidx.vectordrawable	vectordrawable-animated	1.1.0
androidx.versionedparcelable	versionedparcelable	1.1.1
androidx.work	work-runtime	2.10.3
androidx.work	work-runtime-ktx	2.10.3
com.github.TeamNewPipe	NewPipeExtractor	v0.26.5
com.github.TeamNewPipe	nanojson	e9d656ddb49a412a5a0a5d5ef20ca7ef09549996
com.google.accompanist	accompanist-drawablepainter	0.32.0
com.google.code.findbugs	jsr305	3.0.2
com.google.guava	failureaccess	1.0.2
com.google.guava	guava	33.3.1-android
com.google.guava	listenablefuture	9999.0-empty-to-avoid-conflict-with-guava
com.google.protobuf	protobuf-javalite	4.35.1
com.squareup.okhttp3	okhttp	4.12.0
com.squareup.okio	okio-jvm	3.9.0
io.coil-kt	coil	2.7.0
io.coil-kt	coil-base	2.7.0
io.coil-kt	coil-compose	2.7.0
io.coil-kt	coil-compose-base	2.7.0
org.jetbrains	annotations	23.0.0
org.jetbrains.kotlin	kotlin-stdlib	2.2.10
org.jetbrains.kotlin	kotlin-stdlib-jdk7	1.9.0
org.jetbrains.kotlin	kotlin-stdlib-jdk8	1.9.0
org.jetbrains.kotlinx	kotlinx-coroutines-android	1.8.1
org.jetbrains.kotlinx	kotlinx-coroutines-core-jvm	1.8.1
org.jetbrains.kotlinx	kotlinx-serialization-core-jvm	1.7.3
org.jsoup	jsoup	1.22.2
org.jspecify	jspecify	1.0.0
org.mozilla	rhino	1.8.1
org.mozilla	rhino-engine	1.8.1
